{
  "n_common": 602,
  "n_biggen_total": 617,
  "battery_eigenvalues": [
    359.6224670410156,
    126.34603881835938,
    62.76420211791992,
    54.371551513671875,
    43.67660140991211,
    37.63383102416992,
    34.187156677246094,
    32.78286361694336,
    23.535566329956055,
    19.696372985839844,
    16.97829246520996,
    11.365418434143066,
    10.553421020507812,
    8.537684440612793,
    7.208501815795898,
    6.661457061767578,
    6.131660461425781,
    5.938340663909912,
    5.4515790939331055,
    4.697113990783691,
    4.2093987464904785,
    4.048016548156738,
    3.81095552444458,
    3.764828681945801,
    3.493786334991455,
    3.4214911460876465,
    3.2236649990081787,
    3.0504136085510254,
    3.011399269104004,
    2.8722574710845947,
    2.756535053253174,
    2.5002384185791016,
    2.405979871749878,
    2.366832971572876,
    2.2410075664520264,
    2.1797690391540527,
    2.0464227199554443,
    2.018510341644287,
    1.827121376991272,
    1.7805458307266235,
    1.7400294542312622,
    1.7031992673873901,
    1.6287918090820312,
    1.617601752281189,
    1.5884376764297485,
    1.4721888303756714,
    1.4495058059692383,
    1.4275885820388794,
    1.4166544675827026,
    1.3754146099090576
  ],
  "biggen_eigenvalues": [
    50.3621940612793,
    19.784942626953125,
    10.040064811706543,
    8.71825122833252,
    5.821739196777344,
    5.046964645385742,
    4.092441082000732,
    3.6802358627319336,
    2.510571241378784,
    2.4812228679656982,
    2.3061978816986084,
    1.5282264947891235,
    1.3689544200897217,
    1.1038576364517212,
    0.9703472852706909,
    0.8494685888290405,
    0.7510913610458374,
    0.6647854447364807,
    0.5923165678977966,
    0.5559371113777161,
    0.529159426689148,
    0.4660150408744812,
    0.4400811493396759,
    0.4158659279346466,
    0.39160215854644775,
    0.3643917143344879,
    0.3573405146598816,
    0.3313157260417938,
    0.3245711028575897,
    0.2996676564216614,
    0.28872621059417725,
    0.27880987524986267,
    0.267007440328598,
    0.26480832695961,
    0.2605877220630646,
    0.2341293841600418,
    0.22635339200496674,
    0.21972738206386566,
    0.2116192877292633,
    0.20381850004196167,
    0.20138616859912872,
    0.19086281955242157,
    0.18668591976165771,
    0.18027980625629425,
    0.1740591675043106,
    0.16747614741325378,
    0.1634349226951599,
    0.15894624590873718,
    0.15328411757946014,
    0.14915552735328674
  ],
  "battery_explained_variance_ratio": [
    0.34935620427131653,
    0.12273919582366943,
    0.06097245216369629,
    0.0528193898499012,
    0.04242975264787674,
    0.03655948489904404,
    0.033211205154657364,
    0.03184700012207031,
    0.022863687947392464,
    0.019134094938635826,
    0.016493607312440872,
    0.011040966026484966,
    0.0102521488443017,
    0.008293956518173218,
    0.007002718281000853,
    0.006471290253102779,
    0.005956618115305901,
    0.005768816918134689,
    0.005295950919389725,
    0.004563023801892996,
    0.004089231602847576,
    0.003932456485927105,
    0.0037021629977971315,
    0.003657352877780795,
    0.003394047962501645,
    0.003323816694319248,
    0.0031316380482167006,
    0.0029633324593305588,
    0.0029254318214952946,
    0.002790262224152684,
    0.002677843440324068,
    0.0024288631975650787,
    0.002337295562028885,
    0.00229926616884768,
    0.0021770328748971224,
    0.002117542549967766,
    0.001988002797588706,
    0.0019608873408287764,
    0.0017749619437381625,
    0.001729715964756906,
    0.0016903562936931849,
    0.0016545774415135384,
    0.001582294120453298,
    0.0015714234905317426,
    0.0015430920757353306,
    0.0014301617629826069,
    0.0014081263216212392,
    0.0013868347741663456,
    0.0013762128073722124,
    0.0013361502205953002
  ],
  "biggen_explained_variance_ratio": [
    0.3581537902355194,
    0.14070181548595428,
    0.07140052318572998,
    0.06200036779046059,
    0.04140164703130722,
    0.03589179366827011,
    0.029103640466928482,
    0.026172218844294548,
    0.017854077741503716,
    0.017645366489887238,
    0.016400665044784546,
    0.010868074372410774,
    0.009735401719808578,
    0.007850149646401405,
    0.006900683045387268,
    0.006041047163307667,
    0.005341431591659784,
    0.004727661609649658,
    0.0042122951708734035,
    0.003953580278903246,
    0.0037631490267813206,
    0.0033140939194709063,
    0.0031296636443585157,
    0.0029574555810540915,
    0.0027849022299051285,
    0.00259139365516603,
    0.0025412486866116524,
    0.002356171840801835,
    0.0023082068655639887,
    0.0021311044692993164,
    0.002053293865174055,
    0.0019827731885015965,
    0.0018988394876942039,
    0.0018832003697752953,
    0.0018531852401793003,
    0.0016650252509862185,
    0.0016097257612273097,
    0.001562604564242065,
    0.0015049433568492532,
    0.0014494674978777766,
    0.0014321698108687997,
    0.0013573324540629983,
    0.0013276281533762813,
    0.001282070646993816,
    0.0012378322426229715,
    0.0011910167522728443,
    0.001162277301773429,
    0.001130355754867196,
    0.001090089208446443,
    0.0010607285657897592
  ],
  "battery_eff_rank": 6.454956531524658,
  "biggen_eff_rank": 5.959016799926758,
  "pc1_cosine": 0.960797905921936,
  "pc_cosines": {
    "PC1": 0.960797905921936,
    "PC2": 0.8677163124084473,
    "PC3": 0.08123926818370819,
    "PC4": 0.2761378884315491,
    "PC5": 0.1836315393447876
  },
  "per_category": {
    "grounding": {
      "n_chars": 617,
      "n_questions": 10,
      "eff_rank": 7.679543495178223,
      "pc1_cosine_vs_battery": 0.9634557962417603
    },
    "instruction_following": {
      "n_chars": 617,
      "n_questions": 10,
      "eff_rank": 5.945928573608398,
      "pc1_cosine_vs_battery": 0.933853268623352
    },
    "multilingual": {
      "n_chars": 617,
      "n_questions": 10,
      "eff_rank": 7.23722505569458,
      "pc1_cosine_vs_battery": 0.8163774609565735
    },
    "planning": {
      "n_chars": 617,
      "n_questions": 10,
      "eff_rank": 7.317901611328125,
      "pc1_cosine_vs_battery": 0.937070906162262
    },
    "reasoning": {
      "n_chars": 617,
      "n_questions": 10,
      "eff_rank": 5.723371982574463,
      "pc1_cosine_vs_battery": 0.9023034572601318
    },
    "refinement": {
      "n_chars": 617,
      "n_questions": 10,
      "eff_rank": 7.623859405517578,
      "pc1_cosine_vs_battery": 0.7991881966590881
    },
    "safety": {
      "n_chars": 617,
      "n_questions": 10,
      "eff_rank": 5.912947654724121,
      "pc1_cosine_vs_battery": 0.9327397346496582
    },
    "theory_of_mind": {
      "n_chars": 617,
      "n_questions": 10,
      "eff_rank": 4.8338446617126465,
      "pc1_cosine_vs_battery": 0.9200437068939209
    },
    "tool_usage": {
      "n_chars": 617,
      "n_questions": 10,
      "eff_rank": 9.313929557800293,
      "pc1_cosine_vs_battery": 0.30838561058044434
    }
  },
  "roles": {
    "n": 275,
    "eff_rank": 5.730804443359375,