{
  "n_common": 602,
  "n_biggen_total": 617,
  "battery_eigenvalues": [
    359.6224670410156,
    126.34618377685547,
    62.764129638671875,
    54.371551513671875,
    43.67658233642578,
    37.63383102416992,
    34.18717956542969,
    32.782840728759766,
    23.535558700561523,
    19.69635772705078,
    16.978300094604492,
    11.365396499633789,
    10.553421020507812,
    8.537680625915527,
    7.208497047424316,
    6.661455154418945,
    6.131664276123047,
    5.938340663909912,
    5.451574802398682,
    4.697113990783691,
    4.2094011306762695,
    4.048016548156738,
    3.81095552444458,
    3.764828681945801,
    3.4937846660614014,
    3.4214928150177,
    3.223667860031128,
    3.050414562225342,
    3.0113985538482666,
    2.8722598552703857,
    2.7565367221832275,
    2.500237464904785,
    2.405977725982666,
    2.3668315410614014,
    2.241008996963501,
    2.1797690391540527,
    2.046421766281128,
    2.0185117721557617,
    1.8271210193634033,
    1.7805453538894653,
    1.7400286197662354,
    1.7031981945037842,
    1.62879478931427,
    1.617601752281189,
    1.588437557220459,
    1.472190499305725,
    1.4495067596435547,
    1.427590012550354,
    1.4166545867919922,
    1.3754159212112427
  ],
  "biggen_eigenvalues": [
    50.362213134765625,
    19.784942626953125,
    10.040071487426758,
    8.718282699584961,
    5.821749687194824,
    5.046958923339844,
    4.092434883117676,
    3.680239677429199,
    2.510570526123047,
    2.4812238216400146,
    2.306197166442871,
    1.5282282829284668,
    1.368955135345459,
    1.1038577556610107,
    0.9703474640846252,
    0.849469006061554,
    0.7510912418365479,
    0.6647856831550598,
    0.5923165082931519,
    0.5559372901916504,
    0.529159426689148,
    0.46601518988609314,
    0.4400811493396759,
    0.41586628556251526,
    0.391602098941803,
    0.3643918037414551,
    0.35734057426452637,
    0.3313157260417938,
    0.32457104325294495,
    0.2996677756309509,
    0.288726270198822,
    0.27880972623825073,
    0.2670075595378876,
    0.2648085057735443,
    0.2605879008769989,
    0.2341293841600418,
    0.22635339200496674,
    0.21972745656967163,
    0.21161936223506927,
    0.2038184553384781,
    0.2013862431049347,
    0.1908627152442932,
    0.18668575584888458,
    0.18027961254119873,
    0.17405913770198822,
    0.16747622191905975,
    0.1634349673986435,
    0.15894615650177002,
    0.15328414738178253,
    0.14915555715560913
  ],
  "battery_explained_variance_ratio": [
    0.34935620427131653,
    0.12273933738470078,
    0.06097238138318062,
    0.0528193898499012,
    0.04242973402142525,
    0.03655948489904404,
    0.033211227506399155,
    0.03184697777032852,
    0.022863680496811867,
    0.019134080037474632,
    0.01649361476302147,
    0.01104094460606575,
    0.0102521488443017,
    0.00829395279288292,
    0.0070027136243879795,
    0.00647128839045763,
    0.005956621840596199,
    0.005768816918134689,
    0.005295946728438139,
    0.004563023801892996,
    0.004089233931154013,
    0.003932456485927105,
    0.0037021629977971315,
    0.003657352877780795,
    0.0033940463326871395,
    0.0033238183241337538,
    0.0031316408421844244,
    0.0029633333906531334,
    0.0029254311230033636,
    0.0027902645524591208,
    0.00267784483730793,
    0.002428862266242504,
    0.002337293466553092,
    0.002299264771863818,
    0.0021770342718809843,
    0.002117542549967766,
    0.0019880018662661314,
    0.0019608887378126383,
    0.001774961594492197,
    0.0017297154990956187,
    0.001690355478785932,
    0.001654576393775642,
    0.0015822970308363438,
    0.0015714234905317426,
    0.0015430919593200088,
    0.0014301633927971125,
    0.0014081272529438138,
    0.0013868361711502075,
    0.0013762129237875342,
    0.0013361515011638403
  ],
  "biggen_explained_variance_ratio": [
    0.3581539988517761,
    0.14070184528827667,
    0.07140059024095535,
    0.06200060620903969,
    0.041401732712984085,
    0.035891760140657425,
    0.029103603214025497,
    0.026172252371907234,
    0.017854077741503716,
    0.017645375803112984,
    0.016400663182139397,
    0.010868090204894543,
    0.009735409170389175,
    0.00785015244036913,
    0.006900685839354992,
    0.0060410513542592525,
    0.005341431591659784,
    0.004727664403617382,
    0.004212295636534691,
    0.003953582141548395,
    0.003763149958103895,
    0.0033140957821160555,
    0.0031296643428504467,
    0.0029574588406831026,
    0.002784902462735772,
    0.002591394819319248,
    0.002541249617934227,
    0.0023561723064631224,
    0.0023082070983946323,
    0.0021311058662831783,
    0.0020532947964966297,
    0.0019827724900096655,
    0.001898840768262744,
    0.0018832019995898008,
    0.0018531869864091277,
    0.001665025600232184,
    0.0016097261104732752,
    0.0015626053791493177,
    0.001504944171756506,
    0.0014494674978777766,
    0.0014321707421913743,
    0.001357331988401711,
    0.0013276273384690285,
    0.0012820695992559195,
    0.0012378323590382934,
    0.0011910174507647753,
    0.001162277883850038,
    0.0011303554056212306,
    0.0010900896741077304,
    0.0010607289150357246
  ],
  "battery_eff_rank": 6.454950332641602,
  "biggen_eff_rank": 5.959060192108154,
  "pc1_cosine": 0.9607979655265808,
  "pc_cosines": {
    "PC1": 0.9607979655265808,
    "PC2": 0.8677164912223816,
    "PC3": 0.08123385906219482,
    "PC4": 0.27613532543182373,
    "PC5": 0.1836281567811966
  },
  "per_category": {
    "grounding": {
      "n_chars": 617,
      "n_questions": 10,
      "eff_rank": 7.679417610168457,
      "pc1_cosine_vs_battery": 0.9634557366371155
    },
    "instruction_following": {
      "n_chars": 617,
      "n_questions": 10,
      "eff_rank": 5.946177959442139,
      "pc1_cosine_vs_battery": 0.9338530898094177
    },
    "multilingual": {
      "n_chars": 617,
      "n_questions": 10,
      "eff_rank": 7.237174034118652,
      "pc1_cosine_vs_battery": 0.816377580165863
    },
    "planning": {
      "n_chars": 617,
      "n_questions": 10,
      "eff_rank": 7.318079471588135,
      "pc1_cosine_vs_battery": 0.9370703101158142
    },
    "reasoning": {
      "n_chars": 617,
      "n_questions": 10,
      "eff_rank": 5.723158359527588,
      "pc1_cosine_vs_battery": 0.9023039937019348
    },
    "refinement": {
      "n_chars": 617,
      "n_questions": 10,
      "eff_rank": 7.62442684173584,
      "pc1_cosine_vs_battery": 0.7991884350776672
    },
    "safety": {
      "n_chars": 617,
      "n_questions": 10,
      "eff_rank": 5.912813186645508,
      "pc1_cosine_vs_battery": 0.9327396750450134
    },
    "theory_of_mind": {
      "n_chars": 617,
      "n_questions": 10,
      "eff_rank": 4.833957195281982,
      "pc1_cosine_vs_battery": 0.9200435280799866
    },
    "tool_usage": {
      "n_chars": 617,
      "n_questions": 10,
      "eff_rank": 9.314356803894043,
      "pc1_cosine_vs_battery": 0.30838528275489807
    }
  },
  "roles": {
    "n": 275,
    "eff_rank": 5.730704307556152,