{
  "n_common": 602,
  "n_biggen_total": 617,
  "battery_eigenvalues": [
    359.6227111816406,
    126.34598541259766,
    62.76424789428711,
    54.37156295776367,
    43.67661666870117,
    37.633846282958984,
    34.187164306640625,
    32.78288650512695,
    23.53553009033203,
    19.69637107849121,
    16.978313446044922,
    11.365410804748535,
    10.553427696228027,
    8.537696838378906,
    7.208500385284424,
    6.661452293395996,
    6.131669521331787,
    5.938340663909912,
    5.45158052444458,
    4.697115898132324,
    4.209401607513428,
    4.0480194091796875,
    3.8109588623046875,
    3.7648301124572754,
    3.4937851428985596,
    3.4214963912963867,
    3.223668098449707,
    3.05041241645813,
    3.011399269104004,
    2.872258186340332,
    2.756535768508911,
    2.500239372253418,
    2.405980348587036,
    2.3668336868286133,
    2.2410085201263428,
    2.1797690391540527,
    2.0464203357696533,
    2.018512725830078,
    1.8271198272705078,
    1.7805449962615967,
    1.7400274276733398,
    1.703198790550232,
    1.628792643547058,
    1.6176011562347412,
    1.5884374380111694,
    1.47218918800354,
    1.4495071172714233,
    1.4275888204574585,
    1.4166539907455444,
    1.3754156827926636
  ],
  "biggen_eigenvalues": [
    50.362178802490234,
    19.784936904907227,
    10.040064811706543,
    8.71825885772705,
    5.82174015045166,
    5.046964168548584,
    4.092442512512207,
    3.68023419380188,
    2.510568141937256,
    2.481224298477173,
    2.3061940670013428,
    1.5282270908355713,
    1.368955135345459,
    1.1038577556610107,
    0.9703472852706909,
    0.8494696617126465,
    0.751090943813324,
    0.6647864580154419,
    0.5923169255256653,
    0.5559378266334534,
    0.529159426689148,
    0.4660153090953827,
    0.440081387758255,
    0.41586634516716003,
    0.39160221815109253,
    0.3643919825553894,
    0.35734057426452637,
    0.3313157558441162,
    0.3245711624622345,
    0.2996680438518524,
    0.28872615098953247,
    0.2788098156452179,
    0.2670074701309204,
    0.26480844616889954,
    0.26058799028396606,
    0.23412930965423584,
    0.22635319828987122,
    0.21972738206386566,
    0.21161918342113495,
    0.20381829142570496,
    0.20138603448867798,
    0.19086278975009918,
    0.18668583035469055,
    0.18027983605861664,
    0.17405922710895538,
    0.16747623682022095,
    0.16343502700328827,
    0.1589462161064148,
    0.15328426659107208,
    0.1491556167602539
  ],
  "battery_explained_variance_ratio": [
    0.34935644268989563,
    0.12273914366960526,
    0.06097249686717987,
    0.052819401025772095,
    0.04242976754903793,
    0.03655949980020523,
    0.03321121260523796,
    0.0318470224738121,
    0.022863654419779778,
    0.019134093075990677,
    0.016493627801537514,
    0.01104095857590437,
    0.010252155363559723,
    0.008293968625366688,
    0.007002716884016991,
    0.006471285596489906,
    0.005956626497209072,
    0.005768816918134689,
    0.005295952316373587,
    0.004563025664538145,
    0.0040892343968153,
    0.003932459279894829,
    0.0037021662574261427,
    0.003657354274764657,
    0.003394046798348427,
    0.0033238218165934086,
    0.003131641075015068,
    0.0029633312951773405,
    0.0029254318214952946,
    0.002790262922644615,
    0.002677844138815999,
    0.0024288641288876534,
    0.002337296027690172,
    0.002299266867339611,
    0.002177033806219697,
    0.002117542549967766,
    0.0019880004692822695,
    0.001960889669135213,
    0.0017749604303389788,
    0.0017297151498496532,
    0.0016903543146327138,
    0.001654576975852251,
    0.0015822949353605509,
    0.0015714229084551334,
    0.001543091842904687,
    0.0014301621122285724,
    0.0014081276021897793,
    0.0013868350069969893,
    0.001376212341710925,
    0.0013361512683331966
  ],
  "biggen_explained_variance_ratio": [
    0.35815373063087463,
    0.1407018005847931,
    0.07140053808689117,
    0.06200043484568596,
    0.04140166565775871,
    0.03589179739356041,
    0.029103657230734825,
    0.0261722132563591,
    0.017854060977697372,
    0.017645379528403282,
    0.016400640830397606,
    0.010868080891668797,
    0.009735409170389175,
    0.00785015244036913,
    0.00690068444237113,
    0.006041056010872126,
    0.005341429729014635,
    0.00472766999155283,
    0.004212298430502415,
    0.003953586332499981,
    0.003763149958103895,
    0.00331409671343863,
    0.0031296659726649523,
    0.00295745930634439,
    0.0027849033940583467,
    0.0025913959834724665,
    0.002541249617934227,
    0.002356172539293766,
    0.0023082077968865633,
    0.0021311077289283276,
    0.002053293865174055,
    0.0019827731885015965,
    0.001898840069770813,
    0.0018832016503438354,
    0.0018531875684857368,
    0.0016650250181555748,
    0.0016097247134894133,
    0.0015626047970727086,
    0.0015049428911879659,
    0.0014494663337245584,
    0.0014321692287921906,
    0.0013573325704783201,
    0.0013276278041303158,
    0.001282071229070425,
    0.0012378329411149025,
    0.001191017567180097,
    0.0011622782330960035,
    0.001130355871282518,
    0.0010900904890149832,
    0.001060729380697012
  ],
  "battery_eff_rank": 6.4548726081848145,
  "biggen_eff_rank": 5.959024906158447,
  "pc1_cosine": 0.9607977867126465,
  "pc_cosines": {
    "PC1": 0.9607977867126465,
    "PC2": 0.8677163124084473,
    "PC3": 0.08123496174812317,
    "PC4": 0.27613481879234314,
    "PC5": 0.18363060057163239
  },
  "per_category": {
    "grounding": {
      "n_chars": 617,
      "n_questions": 10,
      "eff_rank": 7.679619312286377,
      "pc1_cosine_vs_battery": 0.9634553790092468
    },
    "instruction_following": {
      "n_chars": 617,
      "n_questions": 10,
      "eff_rank": 5.946117877960205,
      "pc1_cosine_vs_battery": 0.9338526725769043
    },
    "multilingual": {
      "n_chars": 617,
      "n_questions": 10,
      "eff_rank": 7.237429141998291,
      "pc1_cosine_vs_battery": 0.8163779973983765
    },
    "planning": {
      "n_chars": 617,
      "n_questions": 10,
      "eff_rank": 7.318258762359619,
      "pc1_cosine_vs_battery": 0.937070906162262
    },
    "reasoning": {
      "n_chars": 617,
      "n_questions": 10,
      "eff_rank": 5.72348690032959,
      "pc1_cosine_vs_battery": 0.9023038148880005
    },
    "refinement": {
      "n_chars": 617,
      "n_questions": 10,
      "eff_rank": 7.624956130981445,
      "pc1_cosine_vs_battery": 0.7991883754730225
    },
    "safety": {
      "n_chars": 617,
      "n_questions": 10,
      "eff_rank": 5.91260290145874,
      "pc1_cosine_vs_battery": 0.9327399730682373
    },
    "theory_of_mind": {
      "n_chars": 617,
      "n_questions": 10,
      "eff_rank": 4.833996772766113,
      "pc1_cosine_vs_battery": 0.9200436472892761
    },
    "tool_usage": {
      "n_chars": 617,
      "n_questions": 10,
      "eff_rank": 9.313396453857422,
      "pc1_cosine_vs_battery": 0.30838504433631897
    }
  },
  "roles": {
    "n": 275,
    "eff_rank": 5.730767726898193,