{
  "n_common": 602,
  "n_biggen_total": 617,
  "battery_eigenvalues": [
    359.6225280761719,
    126.34598541259766,
    62.76420974731445,
    54.3715705871582,
    43.67660140991211,
    37.63383102416992,
    34.18717956542969,
    32.78288650512695,
    23.53556251525879,
    19.696338653564453,
    16.978290557861328,
    11.365406036376953,
    10.553431510925293,
    8.537690162658691,
    7.208501815795898,
    6.661447048187256,
    6.131659030914307,
    5.938339710235596,
    5.451573371887207,
    4.697113037109375,
    4.209396839141846,
    4.048014163970947,
    3.810957908630371,
    3.764831304550171,
    3.493788719177246,
    3.421494722366333,
    3.223665475845337,
    3.050414562225342,
    3.011399269104004,
    2.8722598552703857,
    2.7565367221832275,
    2.5002403259277344,
    2.405979871749878,
    2.366832971572876,
    2.2410075664520264,
    2.1797690391540527,
    2.0464227199554443,
    2.018514394760132,
    1.8271228075027466,
    1.7805449962615967,
    1.7400298118591309,
    1.7032002210617065,
    1.62879478931427,
    1.6176022291183472,
    1.5884393453598022,
    1.472190260887146,
    1.4495065212249756,
    1.4275894165039062,
    1.4166539907455444,
    1.3754152059555054
  ],
  "biggen_eigenvalues": [
    50.362213134765625,
    19.784936904907227,
    10.040063858032227,
    8.718274116516113,
    5.821746826171875,
    5.046966552734375,
    4.092438697814941,
    3.6802403926849365,
    2.5105700492858887,
    2.4812228679656982,
    2.3061978816986084,
    1.5282273292541504,
    1.3689546585083008,
    1.1038575172424316,
    0.9703466892242432,
    0.8494682908058167,
    0.7510901689529419,
    0.6647852659225464,
    0.5923168659210205,
    0.5559375286102295,
    0.5291588306427002,
    0.4660148322582245,
    0.4400811493396759,
    0.41586655378341675,
    0.391602098941803,
    0.3643919825553894,
    0.3573409616947174,
    0.3313159942626953,
    0.3245713710784912,
    0.2996681332588196,
    0.28872615098953247,
    0.2788100242614746,
    0.26700758934020996,
    0.26480862498283386,
    0.2605876922607422,
    0.2341294139623642,
    0.2263532429933548,
    0.21972739696502686,
    0.21161939203739166,
    0.20381854474544525,
    0.20138627290725708,
    0.19086289405822754,
    0.18668588995933533,
    0.18027983605861664,
    0.17405927181243896,
    0.16747628152370453,
    0.16343502700328827,
    0.15894615650177002,
    0.15328417718410492,
    0.14915555715560913
  ],
  "battery_explained_variance_ratio": [
    0.3493562638759613,
    0.12273914366960526,
    0.060972459614276886,
    0.05281940847635269,
    0.04242975264787674,
    0.03655948489904404,
    0.033211227506399155,
    0.0318470224738121,
    0.022863684222102165,
    0.01913406141102314,
    0.016493605449795723,
    0.011040953919291496,
    0.010252159088850021,
    0.008293962106108665,
    0.007002718281000853,
    0.006471280474215746,
    0.005956616718322039,
    0.005768815986812115,
    0.005295945331454277,
    0.004563022870570421,
    0.004089229740202427,
    0.003932454157620668,
    0.003702165326103568,
    0.0036573554389178753,
    0.0033940502908080816,
    0.003323820186778903,
    0.003131638513877988,
    0.0029633333906531334,
    0.0029254318214952946,
    0.0027902645524591208,
    0.00267784483730793,
    0.002428865060210228,
    0.002337295562028885,
    0.00229926616884768,
    0.0021770328748971224,
    0.002117542549967766,
    0.001988002797588706,
    0.0019608912989497185,
    0.0017749633407220244,
    0.0017297151498496532,
    0.0016903566429391503,
    0.001654578372836113,
    0.0015822970308363438,
    0.0015714239561930299,
    0.0015430935891345143,
    0.0014301631599664688,
    0.0014081270201131701,
    0.0013868355890735984,
    0.001376212341710925,
    0.0013361508026719093
  ],
  "biggen_explained_variance_ratio": [
    0.3581539988517761,
    0.1407018005847931,
    0.07140053063631058,
    0.06200054660439491,
    0.041401710361242294,
    0.0358918160200119,
    0.029103631153702736,
    0.026172256097197533,
    0.017854074016213417,
    0.017645370215177536,
    0.016400668770074844,
    0.010868082754313946,
    0.009735405445098877,
    0.00785015057772398,
    0.006900680251419544,
    0.006041046231985092,
    0.005341424141079187,
    0.004727661609649658,
    0.004212297964841127,
    0.003953584004193544,
    0.0037631457671523094,
    0.0033140932209789753,
    0.0031296643428504467,
    0.002957460703328252,
    0.002784902462735772,
    0.0025913959834724665,
    0.002541252411901951,
    0.0023561741691082716,
    0.002308209426701069,
    0.0021311084274202585,
    0.002053293865174055,
    0.001982774818316102,
    0.0018988410010933876,
    0.0018832029309123755,
    0.001853185473009944,
    0.0016650258330628276,
    0.0016097250627353787,
    0.0015626049134880304,
    0.0015049444045871496,
    0.0014494681963697076,
    0.0014321708586066961,
    0.001357333268970251,
    0.001327628269791603,
    0.001282071229070425,
    0.001237833290360868,
    0.0011910179164260626,
    0.0011622782330960035,
    0.0011303554056212306,
    0.001090089906938374,
    0.0010607289150357246
  ],
  "battery_eff_rank": 6.454905986785889,
  "biggen_eff_rank": 5.959004878997803,
  "pc1_cosine": 0.9607976675033569,
  "pc_cosines": {
    "PC1": 0.9607976675033569,
    "PC2": 0.8677160143852234,
    "PC3": 0.08123975247144699,
    "PC4": 0.2761390507221222,
    "PC5": 0.1836283653974533
  },
  "per_category": {
    "grounding": {
      "n_chars": 617,
      "n_questions": 10,
      "eff_rank": 7.679754257202148,
      "pc1_cosine_vs_battery": 0.9634554982185364
    },
    "instruction_following": {
      "n_chars": 617,
      "n_questions": 10,
      "eff_rank": 5.9461822509765625,
      "pc1_cosine_vs_battery": 0.9338527917861938
    },
    "multilingual": {
      "n_chars": 617,
      "n_questions": 10,
      "eff_rank": 7.237386703491211,
      "pc1_cosine_vs_battery": 0.8163780570030212
    },
    "planning": {
      "n_chars": 617,
      "n_questions": 10,
      "eff_rank": 7.318150043487549,
      "pc1_cosine_vs_battery": 0.9370709657669067
    },
    "reasoning": {
      "n_chars": 617,
      "n_questions": 10,
      "eff_rank": 5.723443031311035,
      "pc1_cosine_vs_battery": 0.9023044109344482
    },
    "refinement": {
      "n_chars": 617,
      "n_questions": 10,
      "eff_rank": 7.62539005279541,
      "pc1_cosine_vs_battery": 0.7991880774497986
    },
    "safety": {
      "n_chars": 617,
      "n_questions": 10,
      "eff_rank": 5.912806510925293,
      "pc1_cosine_vs_battery": 0.932739794254303
    },
    "theory_of_mind": {
      "n_chars": 617,
      "n_questions": 10,
      "eff_rank": 4.834021091461182,
      "pc1_cosine_vs_battery": 0.9200433492660522
    },
    "tool_usage": {
      "n_chars": 617,
      "n_questions": 10,
      "eff_rank": 9.313766479492188,
      "pc1_cosine_vs_battery": 0.30838513374328613
    }
  },
  "roles": {
    "n": 275,
    "eff_rank": 5.730764865875244,