{
  "Harry Potter": {
    "n_chars": 102,
    "correlations": {
      "top_10": 0.918846768829934,
      "top_20": 0.9363820860386189,
      "top_50": 0.9729685246244357,
      "bottom_10": 0.8627202671048331,
      "random_10": 0.9960914832528912,
      "random_20": 0.9933374635000154
    },
    "top10_q_indices": [
      153,
      198,
      225,
      187,
      147,
      229,
      1,
      129,
      212,
      70
    ],
    "q_variances_top5": [
      456.59674072265625,
      428.6464538574219,
      428.0851745605469,
      425.61224365234375,
      423.5191955566406
    ],
    "q_variances_bottom5": [
      95.30066680908203,
      93.77088928222656,
      89.29654693603516,
      59.764007568359375,
      43.43008804321289
    ]
  },
  "Star Wars": {
    "n_chars": 105,
    "correlations": {
      "top_10": 0.9798532788487299,
      "top_20": 0.9927911872423474,
      "top_50": 0.9962039611975069,
      "bottom_10": 0.9746305767572992,
      "random_10": 0.9882919830476345,
      "random_20": 0.9982766050599443
    },
    "top10_q_indices": [
      229,
      187,
      86,
      130,
      40,
      136,
      166,
      70,
      213,
      170
    ],
    "q_variances_top5": [
      511.1332092285156,
      509.21380615234375,
      503.06402587890625,
      493.130615234375,
      482.39300537109375
    ],
    "q_variances_bottom5": [
      160.91314697265625,
      151.9746551513672,
      151.19381713867188,
      143.88909912109375,
      132.7616729736328
    ]
  },
  "LOTR": {
    "n_chars": 97,
    "correlations": {
      "top_10": 0.98629527850274,
      "top_20": 0.9940527165005731,
      "top_50": 0.9969794302924033,
      "bottom_10": 0.978785856999244,
      "random_10": 0.9945835799670228,
      "random_20": 0.9984169356786501
    },
    "top10_q_indices": [
      93,
      187,
      198,
      192,
      147,
      65,
      12,
      224,
      213,
      129
    ],
    "q_variances_top5": [
      713.744873046875,
      685.24951171875,
      613.0237426757812,
      590.8331298828125,
      588.6212768554688
    ],
    "q_variances_bottom5": [
      138.546142578125,
      134.90206909179688,
      127.6489028930664,
      104.71707916259766,
      97.41210174560547
    ]
  },
  "Marvel": {
    "n_chars": 108,
    "correlations": {
      "top_10": 0.9824145564237063,
      "top_20": 0.9645273335096175,
      "top_50": 0.9744451598060538,
      "bottom_10": 0.9818949461244627,
      "random_10": 0.9971868452373637,
      "random_20": 0.997735690596874
    },
    "top10_q_indices": [
      125,
      187,
      229,
      213,
      12,
      3,
      1,
      86,
      147,
      129
    ],
    "q_variances_top5": [
      499.2142028808594,
      429.5299987792969,
      426.2842102050781,
      421.20782470703125,
      416.1393127441406
    ],
    "q_variances_bottom5": [
      112.90009307861328,
      108.388671875,
      104.28926086425781,
      103.36105346679688,
      74.65225219726562
    ]
  },
  "Game of Thrones": {
    "n_chars": 93,
    "correlations": {
      "top_10": 0.9862833661338914,
      "top_20": 0.9860664094406432,
      "top_50": 0.9921675302275202,
      "bottom_10": 0.9776395473328531,
      "random_10": 0.9967855318358451,
      "random_20": 0.9971464859551781
    },
    "top10_q_indices": [
      3,
      198,
      125,
      129,
      12,
      213,
      166,
      187,
      40,
      225
    ],
    "q_variances_top5": [
      362.10333251953125,
      334.06158447265625,
      331.2625732421875,
      329.46514892578125,
      327.3033752441406
    ],
    "q_variances_bottom5": [
      104.43531799316406,
      101.30416107177734,
      100.1172103881836,
      98.11202239990234,
      61.85688018798828
    ]
  },
  "Naruto": {
    "n_chars": 84,
    "correlations": {
      "top_10": 0.9704837319380407,
      "top_20": 0.9761426681892512,
      "top_50": 0.9844848998145519,
      "bottom_10": 0.9770951016722139,
      "random_10": 0.9980849542946862,
      "random_20": 0.998685374461672
    },
    "top10_q_indices": [
      213,
      187,
      12,
      37,
      70,
      153,
      158,
      147,
      1,
      225
    ],
    "q_variances_top5": [
      517.9201049804688,
      488.23614501953125,
      479.48492431640625,
      467.15240478515625,
      459.23590087890625
    ],
    "q_variances_bottom5": [
      111.47547912597656,
      110.96468353271484,
      101.80155944824219,
      72.7522964477539,
      51.0018310546875
    ]
  },
  "Greek Mythology": {
    "n_chars": 107,
    "correlations": {
      "top_10": 0.9881428003339686,
      "top_20": 0.9914756599418554,
      "top_50": 0.9955119332255029,
      "bottom_10": 0.9822375642266195,
      "random_10": 0.9944227276529305,
      "random_20": 0.998176417893971
    },
    "top10_q_indices": [
      70,
      192,
      226,
      12,
      28,
      215,
      1,
      187,
      218,
      116
    ],
    "q_variances_top5": [
      524.323974609375,
      473.7831726074219,
      459.0339050292969,
      412.62646484375,
      410.73834228515625
    ],
    "q_variances_bottom5": [
      68.9586181640625,
      67.2474365234375,
      48.645931243896484,
      46.85163497924805,
      39.74848937988281
    ]
  },
  "Chinese Mythology": {
    "n_chars": 76,
    "correlations": {
      "top_10": 0.991553492819109,
      "top_20": 0.9967178514626062,
      "top_50": 0.9974520092890968,
      "bottom_10": 0.9756671725170039,
      "random_10": 0.9965630265162145,
      "random_20": 0.9946265613605629
    },
    "top10_q_indices": [
      225,
      1,
      70,
      141,
      12,
      125,
      84,
      138,
      215,
      37
    ],
    "q_variances_top5": [
      456.3400573730469,
      448.2228088378906,
      431.78228759765625,
      416.379150390625,
      412.7336730957031
    ],
    "q_variances_bottom5": [
      98.26667785644531,
      93.12354278564453,
      87.8482666015625,
      87.00830841064453,
      81.56725311279297
    ]
  },
  "Hindu Mythology": {
    "n_chars": 70,
    "correlations": {
      "top_10": 0.9901383430189371,
      "top_20": 0.9933988982950068,
      "top_50": 0.9954060956007457,
      "bottom_10": 0.981845249934663,
      "random_10": 0.9889135305422093,
      "random_20": 0.9971013350040548
    },
    "top10_q_indices": [
      70,
      215,
      226,
      225,
      125,
      153,
      192,
      138,
      28,
      128
    ],
    "q_variances_top5": [
      599.4725341796875,
      577.3128051757812,
      516.4362182617188,
      466.5923767089844,
      457.92828369140625
    ],
    "q_variances_bottom5": [
      65.60220336914062,
      64.29905700683594,
      62.781124114990234,
      61.251068115234375,
      60.08983612060547
    ]
  },
  "Norse Mythology": {
    "n_chars": 48,
    "correlations": {
      "top_10": 0.881654109839856,
      "top_20": 0.9193624534472202,
      "top_50": 0.9842771416719723,
      "bottom_10": 0.03783337910980646,
      "random_10": 0.4644811028751359,
      "random_20": 0.8984163938464457
    },
    "top10_q_indices": [
      158,
      198,
      225,
      93,
      129,
      37,
      215,
      187,
      136,
      147
    ],
    "q_variances_top5": [
      356.438232421875,
      343.6657409667969,
      340.8260803222656,
      303.7041320800781,
      293.6604919433594
    ],
    "q_variances_bottom5": [
      49.11235046386719,
      48.02079391479492,
      44.16727828979492,
      41.31947708129883,
      35.240447998046875
    ]
  },
  "Egyptian Mythology": {
    "n_chars": 44,
    "correlations": {
      "top_10": 0.9767239980999807,
      "top_20": 0.985053224000998,
      "top_50": 0.9940246316193972,
      "bottom_10": 0.8321097014852408,
      "random_10": 0.9740798629836093,
      "random_20": 0.9948287307182844
    },
    "top10_q_indices": [
      1,
      141,
      225,
      70,
      158,
      37,
      138,
      93,
      84,
      105
    ],